{
    "Method": "Fisher",
    "Discretiziation": "60s",
    "Horizon": 30,
    "Period": "2 min",
    "Reference 1 Pixel": [
        321,
        158
    ],
    "Reference 1 Lat/Lon": 3602,
    "Reference 2 Pixel": [
        817,
        366
    ],
    "Reference 2 Lat/Lon": 3603,
    "Region List - Pixels": [
        [
            21,
            13,
            56,
            34
        ],
        [
            7,
            28,
            29,
            51
        ],
        [
            18,
            8,
            39,
            50
        ]
    ],
    "Region List - Lat/Lon": [
        [
            [
                37.83006625480769,
                -122.47796620564516
            ],
            [
                37.76152501442308,
                -122.23994742943547
            ]
        ],
        [
            [
                37.78134416826923,
                -122.57262759274194
            ],
            [
                37.70495784615385,
                -122.42198855846775
            ]
        ],
        [
            [
                37.84905961057692,
                -122.50026624395161
            ],
            [
                37.70826103846154,
                -122.35053741532258
            ]
        ]
    ],
    "Capacities": [
        "3",
        " 8",
        " 6"
    ]
}